OBJECTID,VAPID,LandmkName,Address,City,State,Zip,Phone,URL,X,Y,LOC,LastCheck,PlaceType,SrcTyp,Src,FIPScode,FIPSname
383,51095000010684,"Advanced Vision Surgery Center, LLC",5215 Monticello Avenue,Williamsburg,VA,23188,-,https://www.midatlanticeyecare.com/location/mid-atlantic-eye-care-surgery-center/,-76.74465009,37.2757775,AP,2025/11/13 00:00:00+00,Hospital Points,Outpatient Surgical Hospital,VDH,51095,James City County
384,51087000092326,Azura Surgery Center River City,"2235 Staples Mill Road, Suite 104",Richmond,VA,23230,-,https://www.azuravascularcare.com/center/azura-vascular-care-river-city/,-77.49189149,37.58960852,AP,2025/11/13 00:00:00+00,Hospital Points,Outpatient Surgical Hospital,VDH,51087,Henrico County
385,51015000019313,Augusta Health - Main Campus,78 Medical Center Drive,Fishersville,VA,22939,-,https://www.augustahealth.com/patients-visitors/visitor-resources/locations/,-78.98684796,38.09451611,AP,2025/11/13 00:00:00+00,Hospital Points,Inpatient Hospital,VDH,51015,Augusta County
386,51017000002864,Bath Community Hospital,106 Park Dr,Hot Springs,VA,24445,-,https://bathhospital.org/,-79.83182106,37.99292349,AP,2025/11/13 00:00:00+00,Hospital Points,Inpatient Hospital,VDH,51017,Bath County
387,51800000013469,Lakeview Medical Center,2000 Meade Parkway,Suffolk,VA,23434,-,-,-76.59531498,36.76115031,AP,2025/11/13 00:00:00+00,Hospital Points,Outpatient Surgical Hospital,VDH,51800,Suffolk City
388,51055440003440,Centra Bedford Memorial Hospital,1613 Oakwood Street,Bedford,VA,24523,-,https://www.centrahealth.com/locations/centra-bedford-memorial-hospital,-79.51734951,37.35134659,AP,2025/11/13 00:00:00+00,Hospital Points,Inpatient Hospital,VDH,5105544,Bedford Town
389,51775000008185,Blue Ridge Surgery Center,1802 Braeburn Drive,Salem,VA,24153,-,https://blueridgesurgeryctr.com/,-80.03032846,37.2628365,AP,2025/11/13 00:00:00+00,Hospital Points,Outpatient Surgical Hospital,VDH,51775,Salem City
390,51700000025701,Bon Secours Mary Immaculate Hospital,2 Bernardine Drive,Newport News,VA,23602,-,https://www.bonsecours.com/locations/hospitals-medical-centers/hampton-roads/bon-secours-mary-immaculate-hospital,-76.5116094,37.14448148,AP,2025/11/13 00:00:00+00,Hospital Points,Inpatient Hospital,VDH,51700,Newport News City
391,51740000019432,Bon Secours Maryview Medical Center,3636 High Street,Portsmouth,VA,23707,-,https://www.bonsecours.com/locations/hospitals-medical-centers/hampton-roads/bon-secours-maryview-medical-center,-76.34791531,36.83718264,AP,2025/11/13 00:00:00+00,Hospital Points,Inpatient Hospital,VDH,51740,Portsmouth City
392,51085000021757,Bon Secours Memorial Regional Medical Center,8260 Atlee Road,Mechanicsville,VA,23116,-,https://www.bonsecours.com/locations/hospitals-medical-centers/richmond/memorial-regional-medical-center,-77.38643244,37.62901281,AP,2025/11/13 00:00:00+00,Hospital Points,Inpatient Hospital,VDH,51085,Hanover County
393,51103000004363,Rappahannock General Hospital,101 Harris Road,Kilmarnock,VA,22482,-,https://www.bonsecours.com/locations/hospitals-medical-centers/richmond/rappahannock-general-hospital,-76.38710578,37.7011307,AP,2025/11/13 00:00:00+00,Hospital Points,Inpatient Hospital,System,51103,Lancaster County
394,51760000086038,Bon Secours - Richmond Community Hospital,1500 North 28th Street,Richmond,VA,23223,-,https://www.bonsecours.com/locations/hospitals-medical-centers/richmond/richmond-community-hospital,-77.40658794,37.5402777,AP,2025/11/13 00:00:00+00,Hospital Points,Inpatient Hospital,VDH,51760,Richmond City
395,51620000002844,Bon Secours Southampton Medical Center,100 Fairview Drive,Franklin,VA,23851,-,https://www.bonsecours.com/locations/hospitals-medical-centers/hampton-roads/southampton-memorial-hospital,-76.93742025,36.69199479,AP,2025/11/13 00:00:00+00,Hospital Points,Inpatient Hospital,VDH,51620,Franklin City
396,51595000001428,Bon Secours Southern Virginia Medical Center,727 North Main Street,Emporia,VA,23847,-,https://www.bonsecours.com/locations/hospitals-medical-centers/richmond/southern-virginia-regional-medical-center,-77.53768533,36.70159571,AP,2025/11/13 00:00:00+00,Hospital Points,Inpatient Hospital,VDH,51595,Emporia City
397,51730000010811,Bon Secours Southside Medical Center,200 Medical Park Boulevard,Petersburg,VA,23805,-,https://www.bonsecours.com/locations/hospitals-medical-centers/richmond/southside-regional-medical-center,-77.35878498,37.18278373,AP,2025/11/13 00:00:00+00,Hospital Points,Inpatient Hospital,VDH,51730,Petersburg City
398,51041000170556,Bon Secours St. Francis Medical Center,13700 St. Francis Boulevard,Midlothian,VA,23114,-,https://www.bonsecours.com/locations/hospitals-medical-centers/richmond/st-francis-medical-center,-77.65866836,37.46662787,AP,2025/11/13 00:00:00+00,Hospital Points,Inpatient Hospital,VDH,51041,Chesterfield County
399,51087000124036,Bon Secours St. Mary's Hospital,5801 Bremo Road,Richmond,VA,23226,-,https://www.bonsecours.com/locations/hospitals-medical-centers/richmond/st-marys-hospital,-77.51254698,37.58394728,AP,2025/11/13 00:00:00+00,Hospital Points,Inpatient Hospital,VDH,51087,Henrico County
400,51800000027588,Bon Secours Surgery Center at Harbour View,5818 Harbour View Blvd. D Suite 102,Suffolk,VA,23435,-,https://www.bonsecours.com/locations/surgery-center/hampton-roads/bon-secours-surgery-center-at-harbour-view,-76.44186745,36.86859781,AP,2025/11/13 00:00:00+00,Hospital Points,Outpatient Surgical Hospital,VDH,51800,Suffolk City
401,51810000174443,Physicians' Surgery Center of Tidewater,828 Healthy Way,Virginia Beach,VA,23462,-,-,-76.12994182,36.80935457,AP,2025/11/13 00:00:00+00,Hospital Points,Outpatient Surgical Hospital,VDH,51810,Virginia Beach City
402,51041000078793,"Chippenham Ambulatory Surgery Center, LLC","1115 Boulders Parkway,  Suite 210",Richmond,VA,23225,-,https://bouldersasc.com/,-77.52986568,37.51463749,AP,2025/11/13 00:00:00+00,Hospital Points,Outpatient Surgical Hospital,VDH,51041,Chesterfield County
403,51027000001011,Buchanan General Hospital,1535 Slate Creek Road,Grundy,VA,24614,-,https://www.bgh.org/,-82.06578268,37.28514513,AP,2025/11/13 00:00:00+00,Hospital Points,Inpatient Hospital,VDH,51027,Buchanan County
404,51650000036442,CarePlex Orthopaedic Ambulatory Surgery Center,3000 Coliseum Drive,Hampton,VA,23666,-,https://www.sentara.com/hospitalslocations/orthopaedic-hospital-at-sentara-careplex,-76.39065491,37.05681248,AP,2025/11/13 00:00:00+00,Hospital Points,Outpatient Surgical Hospital,VDH,51650,Hampton City
405,51067000027852,Carilion Franklin Memorial Hospital,180 Floyd Avenue,Rocky Mount,VA,24151,-,https://www.carilionclinic.org/locations/carilion-franklin-memorial-hospital,-79.89038646,36.9938118,AP,2025/11/13 00:00:00+00,Hospital Points,Inpatient Hospital,VDH,51067,Franklin County
406,51071000008839,Carilion Giles Community Hospital,159 Hartley Way,Pearisburg,VA,24134,-,https://www.carilionclinic.org/locations/carilion-giles-community-hospital,-80.71310881,37.33311129,AP,2025/11/13 00:00:00+00,Hospital Points,Inpatient Hospital,VDH,51071,Giles County
407,51121000023512,Carilion New River Valley Medical Center,2900 Lamb Circle,Christiansburg,VA,24073,-,https://www.carilionclinic.org/locations/carilion-new-river-valley-medical-center,-80.50478322,37.08886717,AP,2025/11/13 00:00:00+00,Hospital Points,Inpatient Hospital,VDH,51121,Montgomery County
408,51770000054815,Carilion Roanoke Community Hospital,101 Elm Ave SE,Roanoke,VA,24013,-,https://www.carilionclinic.org/locations/carilion-roanoke-community-hospital,-79.9398042,37.26636545,AP,2025/11/13 00:00:00+00,Hospital Points,Inpatient Hospital,VDH,51770,Roanoke City
409,51770000012907,Carilion Roanoke Memorial Hospital,1906 Belleview Ave,Roanoke,VA,24014,-,https://www.carilionclinic.org/locations/carilion-roanoke-memorial-hospital,-79.94240976,37.25171588,AP,2025/11/13 00:00:00+00,Hospital Points,Inpatient Hospital,VDH,51770,Roanoke City
410,51678000000313,Carilion Rockbridge Community Hospital,1 Health Circle,Lexington,VA,24450,-,https://www.carilionclinic.org/locations/carilion-rockbridge-community-hospital,-79.44107461,37.77866337,AP,2025/11/13 00:00:00+00,Hospital Points,Inpatient Hospital,VDH,51678,Lexington City
411,51185000021699,Carilion Tazewell Community Hospital,388 Ben Bolt Avenue,Tazewell,VA,24651,-,https://www.carilionclinic.org/locations/carilion-tazewell-community-hospital,-81.48904034,37.12374736,AP,2025/11/13 00:00:00+00,Hospital Points,Inpatient Hospital,VDH,51185,Tazewell County
412,51087000108442,Cataract and Refractive Surgery Center,2010 Bremo Rd,Richmond,VA,23226,-,https://www.dominioneye.com/location/dominion-eye-surgery-center/,-77.50724687,37.59115527,AP,2025/11/13 00:00:00+00,Hospital Points,Outpatient Surgical Hospital,VDH,51087,Henrico County
413,51550000071589,"Center for Visual Surgical Excellence, LLC",208 Carmichael Way,Chesapeake,VA,23322,-,https://griffey2020.com/location/surgery-center/,-76.23153825,36.66120307,AP,2025/11/13 00:00:00+00,Hospital Points,Outpatient Surgical Hospital,VDH,51550,Chesapeake City
414,51274400002279,Centra Southside Community Hospital,800 Oak Street,Farmville,VA,23901,-,https://www.centrahealth.com/locations/centra-southside-community-hospital,-78.40435375,37.30296686,AP,2025/11/13 00:00:00+00,Hospital Points,Inpatient Hospital,VDH,5127440,Farmville Town
415,51550000005303,Chesapeake General Hospital,736 Battlefield Boulevard North,Chesapeake,VA,23320,-,https://chesapeakeregional.com/,-76.2456611,36.74493837,AP,2025/11/13 00:00:00+00,Hospital Points,Inpatient Hospital,VDH,51550,Chesapeake City
416,51810000164270,"Chesapeake Regional Surgery Center at Virginia Beach, LLC",229 Clearfield Avenue,Virginia Beach,VA,23462,-,https://chesapeakeregional.com/locations/virginia-beach-ambulatory-surgery-center,-76.16647466,36.84510931,AP,2025/11/13 00:00:00+00,Hospital Points,Outpatient Surgical Hospital,VDH,51810,Virginia Beach City
417,51710000047026,Children's Hospital of The King's Daughters - Main Campus,601 Children's Lane,Norfolk,VA,23507,-,https://www.chkd.org/,-76.30185288,36.86188529,AP,2025/11/13 00:00:00+00,Hospital Points,Inpatient Hospital,VDH,51710,Norfolk City
418,51760000077046,CJW Medical Center - Chippenham Campus,7101 Jahnke Road,Richmond,VA,23225,-,https://www.hcavirginia.com/locations/chippenham-hospital,-77.52573354,37.51445055,AP,2025/11/13 00:00:00+00,Hospital Points,Inpatient Hospital,VDH,51760,Richmond City
419,51700000070818,Children's Hospital of the King's Daughters Health and Surgery Center,11783 Rock Landing Drive,Newport News,VA,23608,-,https://www.chkd.org/locations/health-centers/health-and-surgery-center-at-oyster-point/,-76.46526342,37.08746136,AP,2025/11/13 00:00:00+00,Hospital Points,Outpatient Surgical Hospital,VDH,51700,Newport News City
420,51810000033086,Children's Hospital of the King's Daughters Health and Surgery Center,2021 Concert Drive,Virginia Beach,VA,23456,-,https://www.chkd.org/locations/health-centers/health-and-surgery-center-at-concert-drive/,-76.10157458,36.77694185,AP,2025/11/13 00:00:00+00,Hospital Points,Outpatient Surgical Hospital,VDH,51810,Virginia Beach City
421,51185000013524,Clinch Valley Medical Center,6801 Gov. G.C. Peery Highway,Richlands,VA,24641,-,https://www.clinchvalleyhealth.com/,-81.81996395,37.09465469,AP,2025/11/13 00:00:00+00,Hospital Points,Inpatient Hospital,VDH,51185,Tazewell County
422,51570000009715,HCA Virginia - Colonial Heights Surgery Center,"930 South Avenue, Suite 2",Colonial Heights,VA,23834,-,-,-77.38975451,37.24325989,AP,2025/11/13 00:00:00+00,Hospital Points,-,VDH,51570,Colonial Heights City
423,51127000001428,Cumberland Hospital for Children and Adolescents,9407 Cumberland Road,New Kent,VA,23124,-,https://cumberlandhospital.com/,-76.97862627,37.54636413,AP,2025/11/13 00:00:00+00,Hospital Points,Inpatient Hospital,VDH,51127,New Kent County
424,51710000024121,CVP Surgery Center,200 Coporate Blvd,Norfolk,VA,23502,-,https://www.virginiaeyeconsultants.com/locations/cvp-surgery-center/,-76.21257049,36.83890846,AP,2025/11/13 00:00:00+00,Hospital Points,Outpatient Surgical Hospital,VDH,51710,Norfolk City
425,51051000005906,Dickenson Community Hospital,312 Hospital Drive,Clintwood,VA,24228,-,https://www.balladhealth.org/locations/hospitals/dickenson-community,-82.4489975,37.1607151,AP,2025/11/13 00:00:00+00,Hospital Points,Inpatient Hospital,VDH,51051,Dickenson County
426,51640000001435,Twin County Regional Hospital,200 Hospital Drive,Galax,VA,24333,-,https://www.tcrh.org/,-80.92395164,36.67064989,AP,2025/11/13 00:00:00+00,Hospital Points,Inpatient Hospital,VDH,51640,Galax City
427,51059000073449,HCA Virginia - Dominion Hospital,2960 Sleepy Hollow Road,Falls Church,VA,22044,-,-,-77.15859086,38.87017775,AP,2025/11/13 00:00:00+00,Hospital Points,-,VDH,51059,Fairfax County
428,51630000006618,Encompass Health Rehabilitation Hospital of Fredericksburg,300 Park Hill Drive,Fredericksburg,VA,22401,-,https://encompasshealth.com/locations/fredericksburgrehab,-77.48712358,38.31278235,AP,2025/11/13 00:00:00+00,Hospital Points,Inpatient Hospital,VDH,51630,Fredericksburg City
429,51107000082483,Encompass Health Rehabilitation Hospital of Northern Virginia,24430 Millstream Drive,Aldie,VA,20105,-,https://encompasshealth.com/locations/northernvirginiarehab,-77.55279024,38.93913814,AP,2025/11/13 00:00:00+00,Hospital Points,Inpatient Hospital,VDH,51107,Loudoun County
430,51730000010810,Encompass Health Rehabilitation Hospital of Petersburg,95 Medical Park Boulevard,Petersburg,VA,23805,-,https://encompasshealth.com/locations/petersburgrehab,-77.36372146,37.18428894,AP,2025/11/13 00:00:00+00,Hospital Points,Inpatient Hospital,VDH,51730,Petersburg City
431,51087000019888,Encompass Health Rehabilitation Hospital of Richmond,5700 Fitzhugh Avenue,Richmond,VA,23226,-,https://encompasshealth.com/locations/richmondrehab,-77.50649487,37.58612957,AP,2025/11/13 00:00:00+00,Hospital Points,Inpatient Hospital,VDH,51087,Henrico County
432,51019000031545,Harman Eye LASIK Center,1835 Graves Mill Road,Forest,VA,24551,-,https://www.harmaneye.com/location/harman-eye-lasik-center/,-79.24464092,37.3772881,AP,2025/11/13 00:00:00+00,Hospital Points,Outpatient Surgical Hospital,VDH,51019,Bedford County
433,51600000003655,Fairfax Surgical Center,10730 Main Street,Fairfax,VA,22030,-,-,-77.31538079,38.8497134,AP,2025/11/13 00:00:00+00,Hospital Points,Outpatient Surgical Hospital,VDH,51600,Fairfax City
434,51770000046044,"Fairlawn Surgery Center, LLC",2030 Stephenson Avenue SW,Roanoke,VA,24014,-,-,-79.94996682,37.25139029,AP,2025/11/13 00:00:00+00,Hospital Points,Outpatient Surgical Hospital,VDH,51770,Roanoke City
435,51061000017604,Fauquier Heath - Main Campus,500 Hospital Drive,Warrenton,VA,20186,-,https://www.fauquierhealth.org/,-77.80909541,38.71232023,AP,2025/11/13 00:00:00+00,Hospital Points,Inpatient Hospital,VDH,51061,Fauquier County
436,51630000002578,"Fredericksburg Ambulatory Surgery Center, LLC","1201 Sam Perry Blvd,  Suite 101",Fredericksburg,VA,22401,-,-,-77.4846464,38.30957265,AP,2025/11/13 00:00:00+00,Hospital Points,Outpatient Surgical Hospital,VDH,51630,Fredericksburg City
437,51153000169290,"Haymarket Surgery Center, LLC","15195 Heathcote Blvd, Ste 210",Haymarket,VA,20169,-,-,-77.64177553,38.82055345,AP,2025/11/13 00:00:00+00,Hospital Points,Outpatient Surgical Hospital,VDH,51153,Prince William County
438,51013000000151,Healthqare Services ASC,"1005 N Glebe Road, Suite 200",Arlington,VA,22201,-,https://www.azuravascularcare.com/center/healthqare-services/,-77.11568742,38.88316693,AP,2025/11/13 00:00:00+00,Hospital Points,Outpatient Surgical Hospital,VDH,51013,Arlington County
439,51087000078295,Parham Doctors' Hospital - A Campus of Henrico Doctors' Hospital,7700 East Parham Road,Richmond,VA,23294,-,https://www.hcavirginia.com/locations/parham-doctors-hospital,-77.52581948,37.63138187,AP,2025/11/13 00:00:00+00,Hospital Points,Inpatient Hospital,VDH,51087,Henrico County
440,51760000075041,Retreat Doctors' Hospital - A Campus of Henrico Doctors' Hospital,2621 Grove Avenue,Richmond,VA,23220,-,https://www.hcavirginia.com/locations/retreat-doctors-hospital,-77.47272406,37.55415673,AP,2025/11/13 00:00:00+00,Hospital Points,Inpatient Hospital,VDH,51760,Richmond City
441,51087000001968,Henrico Doctors' Hospital,1602 Skipwith Road,Richmond,VA,23229,-,https://www.hcavirginia.com/locations/henrico-doctors-hospital,-77.53913439,37.60450002,AP,2025/11/13 00:00:00+00,Hospital Points,Inpatient Hospital,VDH,51087,Henrico County
442,51710000009448,Lake Taylor Transitional Care Hospital,1309 Kempsville Road,Norfolk,VA,23502,-,https://www.laketaylor.org/,-76.20591452,36.86694563,AP,2025/11/13 00:00:00+00,Hospital Points,Inpatient Hospital,VDH,51710,Norfolk City
443,51710000040733,Sentara Hospital for Extended Recovery,"600 Gresham Drive,  Suite 700",Norfolk,VA,23507,-,https://www.sentara.com/hospitalslocations/hospital-for-extended-recovery,-76.30341878,36.86198017,AP,2025/11/13 00:00:00+00,Hospital Points,Inpatient Hospital,VDH,51710,Norfolk City
444,51510000021897,Inova Alexandria Hospital,4320 Seminary Road,Alexandria,VA,22304,-,https://www.inova.org/locations/inova-alexandria-hospital,-77.10481429,38.82288016,AP,2025/11/13 00:00:00+00,Hospital Points,Inpatient Hospital,VDH,51510,Alexandria City
445,51059000362271,"Inova Ambulatory Surgery Center at Lorton, LLC","9321 Sanger Street, Suite 200",Lorton,VA,22079,-,-,-77.22694709,38.70252261,AP,2025/11/13 00:00:00+00,Hospital Points,Outpatient Surgical Hospital,VDH,51059,Fairfax County
446,51059000353162,Inova Fair Oaks Hospital,3600 Joseph Siewick Drive,Fairfax,VA,22033,-,https://www.inova.org/locations/inova-fair-oaks-hospital,-77.37991394,38.88480658,AP,2025/11/13 00:00:00+00,Hospital Points,Inpatient Hospital,VDH,51059,Fairfax County
447,51059000095950,Inova Fairfax Hospital,3300 Gallows Road,Falls Church,VA,22042,-,https://www.inova.org/locations/inova-fairfax-medical-campus,-77.2264261,38.85819239,AP,2025/11/13 00:00:00+00,Hospital Points,Inpatient Hospital,VDH,51059,Fairfax County
448,51107000021373,"Inova Loudoun Ambulatory Surgery Center, LLC","44035 Riverside Parkway,  Suite 200",Leesburg,VA,20176,-,-,-77.47842453,39.07516581,AP,2025/11/13 00:00:00+00,Hospital Points,Outpatient Surgical Hospital,VDH,51107,Loudoun County
449,51107000021378,Inova Loudoun Hospital,44045 Riverside Parkway,Leesburg,VA,20176,-,https://www.inova.org/locations/inova-loudoun-hospital,-77.47804764,39.07392531,AP,2025/11/13 00:00:00+00,Hospital Points,Inpatient Hospital,VDH,51107,Loudoun County
450,51059000242967,Inova Mount Vernon Hospital,2501 Parker's Lane,Alexandria,VA,22306,-,https://www.inova.org/locations/inova-mount-vernon-hospital,-77.07627758,38.73986398,AP,2025/11/13 00:00:00+00,Hospital Points,Inpatient Hospital,VDH,51059,Fairfax County
451,51059000361757,"Franconia-Springfield Surgery Center, LLC","6355 Walker Lane, Suite 200",Alexandria,VA,22310,-,-,-77.1608895,38.76742966,AP,2025/11/13 00:00:00+00,Hospital Points,Outpatient Surgical Hospital,VDH,51059,Fairfax County
452,51191000028890,Johnston Memorial Hospital,16000 Johnston Memorial Drive,Abingdon,VA,24211,-,https://www.balladhealth.org/locations/hospitals/johnston-memorial,-81.91196167,36.72304097,AP,2025/11/13 00:00:00+00,Hospital Points,Inpatient Hospital,VDH,51191,Washington County
453,51041000163827,CJW Medical Center - Johnston-Willis Campus,1401 Johnston-Willis Dr.,Richmond,VA,23235,-,https://www.hcavirginia.com/locations/johnston-willis-hospital,-77.59534269,37.51039587,AP,2025/11/13 00:00:00+00,Hospital Points,Inpatient Hospital,VDH,51041,Chesterfield County
454,51153000113279,Kaiser Permanente Caton Hill Ambulatory Surgery Center,13285 Minnieville Road,Woodbridge,VA,22192,-,-,-77.29644095,38.66004834,AP,2025/11/13 00:00:00+00,Hospital Points,Outpatient Surgical Hospital,VDH,51153,Prince William County
455,51059000215502,Kaiser Permanente Tysons Corner Medical Center Ambulatory Surgery Center,8008 Westpark Drive,McLean,VA,22102,-,-,-77.2242556,38.9295528,AP,2025/11/13 00:00:00+00,Hospital Points,Outpatient Surgical Hospital,VDH,51059,Fairfax County
456,51710000073282,Kempsville Center for Behavioral Health,860 Kempsville Road,Norfolk,VA,23502,-,-,-76.18976151,36.85301895,AP,2025/11/13 00:00:00+00,Hospital Points,-,VDH,51710,Norfolk City
457,51153000168626,Lake Ridge Ambulatory Surgery Center,"12825 Minnieville Road, Suite 204",Woodbridge,VA,22192,-,-,-77.27763939,38.67279207,AP,2025/11/13 00:00:00+00,Hospital Points,Outpatient Surgical Hospital,VDH,51153,Prince William County
458,51105000003421,Lee County Community Hospital,127 Health Care Drive,Pennington Gap,VA,24277,-,https://www.balladhealth.org/locations/hospitals/lee-county-community,-83.05175959,36.74863796,AP,2025/11/13 00:00:00+00,Hospital Points,Inpatient Hospital,VDH,51105,Lee County
459,51710000081599,"Leigh Orthopedic Surgery Center, LLC",6201 E. Virginia Beach Blvd,Norfolk,VA,23502,-,-,-76.19310647,36.85450873,AP,2025/11/13 00:00:00+00,Hospital Points,Outpatient Surgical Hospital,VDH,51710,Norfolk City
460,51005000003438,LewisGale Hospital Alleghany,1 ARH Lane,Low Moor,VA,24457,-,https://www.hcavirginia.com/locations/lewisgale-hospital-alleghany,-79.88103469,37.79201478,AP,2025/11/13 00:00:00+00,Hospital Points,Inpatient Hospital,VDH,51005,Alleghany County
461,51121000000647,LewisGale Hospital Montgomery,3700 South Main Street,Blacksburg,VA,24060,-,https://www.hcavirginia.com/locations/lewisgale-hospital-montgomery,-80.41120943,37.18742915,AP,2025/11/13 00:00:00+00,Hospital Points,Inpatient Hospital,VDH,51121,Montgomery County
462,51155000008110,LewisGale Hospital Pulaski,2400 Lee Highway,Pulaski,VA,24301,-,https://www.hcavirginia.com/locations/lewisgale-hospital-pulaski,-80.7571961,37.0683294,AP,2025/11/13 00:00:00+00,Hospital Points,Inpatient Hospital,VDH,51155,Pulaski County
463,51775000007901,LewisGale Medical Center,1900 Electric Road,Salem,VA,24153,-,https://www.hcavirginia.com/locations/lewisgale-medical-center,-80.03128373,37.26316887,AP,2025/11/13 00:00:00+00,Hospital Points,Inpatient Hospital,VDH,51775,Salem City
464,51680000025218,Centra Lynchburg General Hospital,1901 Tate Springs Road,Lynchburg,VA,24501,-,https://www.centrahealth.com/locations/centra-lynchburg-general-hospital,-79.1716211,37.41710096,AP,2025/11/13 00:00:00+00,Hospital Points,Inpatient Hospital,VDH,51680,Lynchburg City
465,51003000034149,Sentara Martha Jefferson Outpatient Surgery Center,595 Martha Jefferson Drive,Charlottesville,VA,22911,-,-,-78.43999367,38.02280487,AP,2025/11/13 00:00:00+00,Hospital Points,Outpatient Surgical Hospital,VDH,51003,Albemarle County
466,51690000006306,Martinsville Center for Sight,433 East Commonwealth Blvd,Martinsville,VA,24112,-,-,-79.85626029,36.6960207,AP,2025/11/13 00:00:00+00,Hospital Points,Outpatient Surgical Hospital,VDH,51690,Martinsville City
467,51700000094992,Mary Immaculate Ambulatory Surgery Center,"12720 McManus Boulevard,  Suite 103",Newport News,VA,23602,-,-,-76.51245019,37.14372479,AP,2025/11/13 00:00:00+00,Hospital Points,Outpatient Surgical Hospital,VDH,51700,Newport News City
468,51630000005011,"Mary Washington Hospital, Inc.",1001 Sam Perry Boulevard,Fredericksburg,VA,22401,-,https://www.marywashingtonhealthcare.com/locations/mary-washington-hospital/,-77.4836064,38.31104065,AP,2025/11/13 00:00:00+00,Hospital Points,Inpatient Hospital,VDH,51630,Fredericksburg City
469,51059000293182,"McLean Ambulatory Surgery, LLC","7601 Lewinsville Road, Suite 440",McLean,VA,22102,-,-,-77.20710815,38.93449115,AP,2025/11/13 00:00:00+00,Hospital Points,Outpatient Surgical Hospital,VDH,51059,Fairfax County
470,51760000006351,MedRVA Surgery Center at Stony Point,"8700 Stony Point Parkway, Suite 100",Richmond,VA,23235,-,-,-77.56250492,37.55214029,AP,2025/11/13 00:00:00+00,Hospital Points,Outpatient Surgical Hospital,VDH,51760,Richmond City
471,51075000010808,MedRVA - Surgery Center at West Creek,1630 Wilkes Ridge Parkway,Henrico,VA,23233,-,-,-77.65335895,37.66057234,AP,2025/11/13 00:00:00+00,Hospital Points,-,VDH,51075,Goochland County
472,51121000031251,NRV Surgery Center,2901 Lamb Circle,Christiansburg,VA,24073,-,-,-80.50473916,37.0910962,AP,2025/11/13 00:00:00+00,Hospital Points,Outpatient Surgical Hospital,VDH,51121,Montgomery County
473,51700000089032,Newport News Behavioral Health Center,17579 Warwick Blvd,Newport News,VA,23603,-,-,-76.58324605,37.20449972,AP,2025/11/13 00:00:00+00,Hospital Points,-,VDH,51700,Newport News City
474,51107000055991,North Spring Behavioral Healthcare,42009 Victory Lane,Leesburg,VA,20176,-,-,-77.54664158,39.14561222,AP,2025/11/13 00:00:00+00,Hospital Points,-,VDH,51107,Loudoun County
475,51059000069280,"Northern Virginia Eye Surgery Center, LLC","2710 Prosperity Avenue, Suite 150",Fairfax,VA,22031,-,-,-77.23685553,38.87866881,AP,2025/11/13 00:00:00+00,Hospital Points,Outpatient Surgical Hospital,VDH,51059,Fairfax County
476,51059000353157,"Northern Virginia Surgery Center, LLC",3620 Joseph Siewick Drive,Fairfax,VA,22033,-,-,-77.3809856,38.88492915,AP,2025/11/13 00:00:00+00,Hospital Points,Outpatient Surgical Hospital,VDH,51059,Fairfax County
477,51720000001309,Norton Community Hospital,100 15th Street NW,Norton,VA,24273,-,https://www.balladhealth.org/locations/hospitals/norton-community,-82.64199217,36.93256601,AP,2025/11/13 00:00:00+00,Hospital Points,Inpatient Hospital,VDH,51720,Norton City
478,51059000359953,"Pediatric Specialists of Virginia, LLC",3023 Hamaker Ct. Ste 400,Fairfax,VA,22031,-,-,-77.23576219,38.86844412,AP,2025/11/13 00:00:00+00,Hospital Points,Outpatient Surgical Hospital,VDH,51059,Fairfax County
479,51590000000006,"Piedmont Day Surgery Center, Inc.",1040 Main Street,Danville,VA,24543,-,-,-79.40260864,36.58047445,AP,2025/11/13 00:00:00+00,Hospital Points,Outpatient Surgical Hospital,VDH,51590,Danville City
480,51730000010831,Poplar Springs Hospital,350 Poplar Drive,Petersburg,VA,23805,-,-,-77.35919598,37.18771103,AP,2025/11/13 00:00:00+00,Hospital Points,-,VDH,51730,Petersburg City
481,51700000028115,"Port Warwick Surgery Center, LLC",1031 Loftis Avenue,Newport News,VA,23606,-,-,-76.48485376,37.0847583,AP,2025/11/13 00:00:00+00,Hospital Points,Outpatient Surgical Hospital,VDH,51700,Newport News City
482,51683000016921,UVA Health Prince William Medical Center,8644 Sudley Road,Manassas,VA,20110,-,https://princewilliamasc.com/,-77.48872662,38.76771034,AP,2025/11/13 00:00:00+00,Hospital Points,Inpatient Hospital,VDH,51683,Manassas City
483,51810000024376,Princess Anne Ambulatory Surgery Center,1975 Glenn Mitchell Drive,Virginia Beach,VA,23456,-,-,-76.09769899,36.77658212,AP,2025/11/13 00:00:00+00,Hospital Points,Outpatient Surgical Hospital,VDH,51810,Virginia Beach City
484,51520000000145,"Rehabilitation Hospital of Bristol, A Joint Venture of Ballad Health and Encompa",103 North Street,Bristol,VA,24201,-,https://encompasshealth.com/locations/bristolrehab,-82.21681682,36.59712137,AP,2025/11/13 00:00:00+00,Hospital Points,Inpatient Hospital,VDH,51520,Bristol City
485,51059000394177,Reston Hospital Center,1850 Town Center Parkway,Reston,VA,20190,-,https://www.hcavirginia.com/locations/reston-hospital-center,-77.36481515,38.96228755,AP,2025/11/13 00:00:00+00,Hospital Points,Inpatient Hospital,VDH,51059,Fairfax County
486,51059000358497,Reston Surgery Center,"1860 Town Center Drive, Suite G100",Reston,VA,20190,-,-,-77.36633837,38.96136803,AP,2025/11/13 00:00:00+00,Hospital Points,Outpatient Surgical Hospital,VDH,51059,Fairfax County
487,51095000045430,Riverside Doctors' Surgery Center,"120 Kings Way,  Suite 1500",Williamsburg,VA,23185,-,-,-76.74044487,37.2561104,AP,2025/11/13 00:00:00+00,Hospital Points,Outpatient Surgical Hospital,VDH,51095,James City County
488,51830000007284,Riverside Doctors' Hospital Williamsburg,1500 Commonwealth Avenue,Williamsburg,VA,23185,-,https://www.riversideonline.com/en/locations/hospitals/riverside-doctors-hospital-williamsburg,-76.66841838,37.25099461,AP,2025/11/13 00:00:00+00,Hospital Points,Inpatient Hospital,VDH,51830,Williamsburg City
489,51650000033726,Riverside Hampton Surgery Center,"850 Enterprise Parkway, Suite 1000",Hampton,VA,23666,-,-,-76.40331742,37.05895721,AP,2025/11/13 00:00:00+00,Hospital Points,Outpatient Surgical Hospital,VDH,51650,Hampton City
490,51700000035223,Riverside Health - Peninsula Surgery Center,12000 Warwick Boulevard,Newport News,VA,23601,-,-,-76.48279611,37.06047104,AP,2025/11/13 00:00:00+00,Hospital Points,-,VDH,51700,Newport News City
491,51700000035225,Riverside Regional Medical Center,500 J. Clyde Morris Boulevard,Newport News,VA,23601,-,https://www.riversideonline.com/locations/hospitals/riverside-regional-medical-center,-76.48303598,37.06429366,AP,2025/11/13 00:00:00+00,Hospital Points,Inpatient Hospital,VDH,51700,Newport News City
492,51199000009457,Riverside Rehabilitation Hospital,250 Josephs Drive,Yorktown,VA,23693,-,https://www.riverside-rehabilitation.com/locations-and-tours/riverside-rehabilitation-hospital/,-76.4546204,37.12141971,AP,2025/11/13 00:00:00+00,Hospital Points,Inpatient Hospital,VDH,51199,York County
493,51001000024761,Riverside Shore Memorial Hospital,20480 Market Street,Onancock,VA,23417,-,https://www.riversideonline.com/locations/hospitals/riverside-shore-memorial-hospital,-75.72321045,37.69738516,AP,2025/11/13 00:00:00+00,Hospital Points,Inpatient Hospital,VDH,51001,Accomack County
494,51073000012386,Riverside Walter Reed Hospital,7547 Medical Dr,Gloucester,VA,23061,-,https://www.riversideonline.com/locations/hospitals/riverside-walter-reed-hospital,-76.54074532,37.42025172,AP,2025/11/13 00:00:00+00,Hospital Points,Inpatient Hospital,VDH,51073,Gloucester County
495,51770000036848,Roanoke Ambulatory Surgery Center,1102 Jefferson Street  SE,Roanoke,VA,24016,-,-,-79.94108706,37.26282222,AP,2025/11/13 00:00:00+00,Hospital Points,Outpatient Surgical Hospital,VDH,51770,Roanoke City
496,51770000044035,"Roanoke Valley Center for Sight, LLC","2154 McVitty Road, Suite 101",Roanoke,VA,24018,-,-,-80.03448356,37.24867678,AP,2025/11/13 00:00:00+00,Hospital Points,Outpatient Surgical Hospital,VDH,51770,Roanoke City
497,51775000009927,"Roanoke Valley Center for Sight, LLC",438 West Main Street,Salem,VA,24153,-,-,-80.06652654,37.29084049,AP,2025/11/13 00:00:00+00,Hospital Points,Outpatient Surgical Hospital,VDH,51775,Salem City
498,51165000039349,Rockingham Eye Surgery Center,1690-B Spring Port Drive,ROCKINGHAM,VA,22801,-,-,-78.86946889,38.40671112,AP,2025/11/13 00:00:00+00,Hospital Points,Outpatient Surgical Hospital,VDH,51165,Rockingham County
499,51167000004673,Russell County Hospital,58 Carroll Street,Lebanon,VA,24266,-,https://www.balladhealth.org/locations/hospitals/russell-county,-82.07854783,36.8986832,AP,2025/11/13 00:00:00+00,Hospital Points,Inpatient Hospital,VDH,51167,Russell County
500,51700000035225,Select Specialty Hospital - Hampton Roads,"500 J. Clyde Morris Boulevard, 4th Floor East",Newport News,VA,23601,-,https://www.selectspecialtyhospitals.com/locations-and-tours/va/newport-news/hampton-roads/,-76.48303598,37.06429366,AP,2025/11/13 00:00:00+00,Hospital Points,Inpatient Hospital,VDH,51700,Newport News City
501,51087000071399,"Select Specialty Hospital - Richmond, Inc.",2220 Edward Holland Drive,Richmond,VA,23230,-,https://www.selectspecialtyhospitals.com/locations-and-tours/va/richmond/richmond/,-77.49076035,37.59075878,AP,2025/11/13 00:00:00+00,Hospital Points,Inpatient Hospital,VDH,51087,Henrico County
502,51800000038001,Sentara BelleHarbour Surgery Center,"3910 Bridge Road, Suite 200",Suffolk,VA,23435,-,-,-76.4497715,36.86405621,AP,2025/11/13 00:00:00+00,Hospital Points,Outpatient Surgical Hospital,VDH,51800,Suffolk City
503,51650000036442,Sentara CarePlex Hospital,3000 Coliseum Drive,Hampton,VA,23666,-,https://www.sentara.com/hospitalslocations/sentara-careplex-hospital,-76.39065491,37.05681248,AP,2025/11/13 00:00:00+00,Hospital Points,Inpatient Hospital,VDH,51650,Hampton City
504,51083000007975,Sentara Halifax Regional Hospital,2204 Wilborn Avenue,South Boston,VA,24592,-,https://www.sentara.com/hospitalslocations/sentara-halifax-regional-hospital,-78.91445698,36.71235252,AP,2025/11/13 00:00:00+00,Hospital Points,Inpatient Hospital,VDH,51083,Halifax County
505,51710000070136,Sentara - Leigh Orthopedic Hospital,830 Kempsville Road,Norfolk,VA,23502,-,-,-76.18998667,36.85011591,AP,2025/11/13 00:00:00+00,Hospital Points,-,VDH,51710,Norfolk City
506,51003000036103,Sentara Martha Jefferson Hospital,500 Martha Jefferson Drive,Charlottesville,VA,22911,-,https://www.sentara.com/hospitalslocations/martha-jefferson-hospital,-78.44436702,38.02271678,AP,2025/11/13 00:00:00+00,Hospital Points,Inpatient Hospital,VDH,51003,Albemarle County
507,51710000040733,Sentara Norfolk General Hospital,600 Gresham Drive,Norfolk,VA,23507,-,https://www.sentara.com/hospitalslocations/sentara-norfolk-general-hospital,-76.30341878,36.86198017,AP,2025/11/13 00:00:00+00,Hospital Points,Inpatient Hospital,VDH,51710,Norfolk City
508,51153000107388,Sentara Northern Virginia Medical Center,2300 Opitz Boulevard,Woodbridge,VA,22191,-,https://www.sentara.com/hospitalslocations/sentara-northern-virginia-medical-center,-77.28632636,38.63718276,AP,2025/11/13 00:00:00+00,Hospital Points,Inpatient Hospital,VDH,51153,Prince William County
509,51800000037170,"Sentara Obici Ambulatory Surgery, LLC",2750 Godwin Blvd,Suffolk,VA,23434,-,-,-76.58291143,36.77093965,AP,2025/11/13 00:00:00+00,Hospital Points,Outpatient Surgical Hospital,VDH,51800,Suffolk City
510,51800000027320,Sentara Obici Hospital,2800 Godwin Boulevard,Suffolk,VA,23434,-,https://www.sentara.com/hospitalslocations/sentara-obici-hospital,-76.58160696,36.77312484,AP,2025/11/13 00:00:00+00,Hospital Points,Inpatient Hospital,VDH,51800,Suffolk City
511,51810000024371,Sentara Princess Anne Hospital,2025 Glenn Mitchell Drive,Virginia Beach,VA,23456,-,https://www.sentara.com/hospitalslocations/sentara-princess-anne-hospital,-76.09883774,36.77525865,AP,2025/11/13 00:00:00+00,Hospital Points,Inpatient Hospital,VDH,51810,Virginia Beach City
512,51165000027434,Sentara RMH Medical Center,2010 Health Campus Drive,Harrisonburg,VA,22801,-,https://www.sentara.com/hospitalslocations/sentara-rmh-medical-center,-78.85540333,38.40505028,AP,2025/11/13 00:00:00+00,Hospital Points,Inpatient Hospital,VDH,51165,Rockingham County
513,51810000038684,Virginia Beach Ambulatory Surgery Center,1700 Will O Wisp Drive,Virginia Beach,VA,23454,-,-,-76.02496722,36.86427533,AP,2025/11/13 00:00:00+00,Hospital Points,Outpatient Surgical Hospital,VDH,51810,Virginia Beach City
514,51810000094063,Sentara Virginia Beach General Hospital,1060 First Colonial Road,Virginia Beach,VA,23454,-,https://www.sentara.com/hospitalslocations/sentara-virginia-beach-general-hospital,-76.02635239,36.86476449,AP,2025/11/13 00:00:00+00,Hospital Points,Inpatient Hospital,VDH,51810,Virginia Beach City
515,51199000035768,Sentara Williamsburg Regional Medical Center,100 Sentara Circle,Williamsburg,VA,23188,-,https://www.sentara.com/hospitalslocations/sentara-williamsburg-regional-medical-center,-76.74088474,37.33649203,AP,2025/11/13 00:00:00+00,Hospital Points,Inpatient Hospital,VDH,51199,York County
516,51075000011505,Sheltering Arms Institute,2000 Wilkes Ridge Drive,Henrico,VA,23233,-,-,-77.65619532,37.65974216,AP,2025/11/13 00:00:00+00,Hospital Points,-,VDH,51075,Goochland County
517,51087000058875,"Skin Surgery Center of Virginia, LLC",2510 Gaskins Road,Henrico,VA,23238,-,-,-77.57898284,37.63017862,AP,2025/11/13 00:00:00+00,Hospital Points,Outpatient Surgical Hospital,VDH,51087,Henrico County
518,51173000016786,Smyth County Community Hospital,245 Medical Park Drive,Marion,VA,24354,-,https://www.balladhealth.org/locations/hospitals/smyth-county-community,-81.48817964,36.85182582,AP,2025/11/13 00:00:00+00,Hospital Points,Inpatient Hospital,VDH,51173,Smyth County
519,51003000009024,Soaring Surgery Center,2050 Abbey Rd Suite D,Charlottesville,VA,22911,-,-,-78.44317031,38.02851723,AP,2025/11/13 00:00:00+00,Hospital Points,Outpatient Surgical Hospital,VDH,51003,Albemarle County
520,51197000013284,Southwest Virginia Center for Sight,470 Lithia Road,Wytheville,VA,24382,-,-,-81.05553257,36.95152837,AP,2025/11/13 00:00:00+00,Hospital Points,Outpatient Surgical Hospital,VDH,51197,Wythe County
521,51590000004268,Sovah Health - Danville,142 South Main Street,Danville,VA,24541,-,https://www.sovahhealth.com/danville,-79.40535223,36.5773116,AP,2025/11/13 00:00:00+00,Hospital Points,Inpatient Hospital,VDH,51590,Danville City
522,51690000006303,Sovah Health - Martinsville,320 Hospital Drive,Martinsville,VA,24112,-,https://www.sovahhealth.com/martinsville,-79.86720424,36.69926421,AP,2025/11/13 00:00:00+00,Hospital Points,Inpatient Hospital,VDH,51690,Martinsville City
523,51177000026276,Spotsylvania Regional Medical Center,4600 Spotsylvania Parkway,Fredericksburg,VA,22408,-,https://www.hcavirginia.com/locations/spotsylvania-regional-medical-center,-77.49605829,38.21741731,AP,2025/11/13 00:00:00+00,Hospital Points,Inpatient Hospital,VDH,51177,Spotsylvania County
524,51087000114658,St. Mary's Ambulatory Surgery Center,1501 Maple Avenue,Richmond,VA,23226,-,-,-77.51376322,37.58521168,AP,2025/11/13 00:00:00+00,Hospital Points,Outpatient Surgical Hospital,VDH,51087,Henrico County
525,51179000027616,Stafford Hospital,101 Hospital Center Blvd,Stafford,VA,22554,-,https://www.marywashingtonhealthcare.com/patients-visitors/patient-visitor-information/stafford-hospital/,-77.40731233,38.415361,AP,2025/11/13 00:00:00+00,Hospital Points,Inpatient Hospital,VDH,51179,Stafford County
526,51107000116244,Stone Springs Ambulatory Surgery Center,24570 Medical Dr,Dulles,VA,20166,-,-,-77.54013131,38.93849376,AP,2025/11/13 00:00:00+00,Hospital Points,Outpatient Surgical Hospital,VDH,51107,Loudoun County
527,51107000081764,StoneSprings Hospital Center,24440 Stone Springs Blvd,Dulles,VA,20166,-,https://www.hcavirginia.com/locations/stonesprings-hospital-center,-77.54233719,38.94046687,AP,2025/11/13 00:00:00+00,Hospital Points,Inpatient Hospital,VDH,51107,Loudoun County
528,51550000004374,"The Surgery Center of Chesapeake, LLC",844 Battlefield Blvd. North,Chesapeake,VA,23320,-,-,-76.24683431,36.75000584,AP,2025/11/13 00:00:00+00,Hospital Points,Outpatient Surgical Hospital,VDH,51550,Chesapeake City
529,51680000020628,"Surgery Center of Lynchburg, LLC",2401 Atherholt Road,Lynchburg,VA,24501,-,-,-79.17784351,37.4085525,AP,2025/11/13 00:00:00+00,Hospital Points,Outpatient Surgical Hospital,VDH,51680,Lynchburg City
530,51630000009093,Surgi-Center of Central Virginia,1500 Dixon Street Suite 101,Fredericksburg,VA,22401,-,-,-77.45420751,38.28438767,AP,2025/11/13 00:00:00+00,Hospital Points,Outpatient Surgical Hospital,VDH,51630,Fredericksburg City
531,51199000035951,Surgical Suites of Coastal Virginia,"400 Sentara Circle, Suite 200",Williamsburg,VA,23188,-,-,-76.74151998,37.33737271,AP,2025/11/13 00:00:00+00,Hospital Points,Outpatient Surgical Hospital,VDH,51199,York County
532,51095000037600,The Pavilion at Williamsburg Place,5483 Mooretown Road,Williamsburg,VA,23188,-,-,-76.73192186,37.3148169,AP,2025/11/13 00:00:00+00,Hospital Points,-,VDH,51095,James City County
533,51670000001093,TriCities Hospital,411 W. Randolph Road,Hopewell,VA,23860,-,https://www.hcavirginia.com/locations/tricities-hospital,-77.2911832,37.30779879,AP,2025/11/13 00:00:00+00,Hospital Points,Inpatient Hospital,VDH,51670,Hopewell City
534,51540000019078,UVA Health - University of Virginia Medical Center,1215 Lee Street,Charlottesville,VA,22903,-,-,-78.49830957,38.0311633,AP,2025/11/13 00:00:00+00,Hospital Points,-,VDH,51540,Charlottesville City
535,51760000082072,Urosurgical Center of Richmond,9101 Stony Point Drive,Richmond,VA,23235,-,-,-77.56795533,37.54863758,AP,2025/11/13 00:00:00+00,Hospital Points,Outpatient Surgical Hospital,VDH,51760,Richmond City
536,51207520000890,UVA Health Culpeper Medical Center,501 Sunset Lane,Culpeper,VA,22701,-,https://uvahealth.com/locations/UVA-Health-Culpeper-Medical-Center-5597271,-78.01297538,38.45516145,AP,2025/11/13 00:00:00+00,Hospital Points,Inpatient Hospital,VDH,5120752,Culpeper Town
537,51003000003655,UVA Encompass Health Rehabilitation Hospital,515 Ray C. Hunt Drive,Charlottesville,VA,22903,-,https://encompasshealth.com/locations/uvarehab,-78.52562165,38.02446675,AP,2025/11/13 00:00:00+00,Hospital Points,Inpatient Hospital,VDH,51003,Albemarle County
538,51153000169349,UVA Health Haymarket Medical Center,15225 Healthcote Blvd,Haymarket,VA,20169,-,https://uvahealth.com/locations/Haymarket-Medical-Center-5597284,-77.64259101,38.82081353,AP,2025/11/13 00:00:00+00,Hospital Points,Inpatient Hospital,VDH,51153,Prince William County
539,51683000008889,UVA Health - Prince William Medical Center,8700 Sudley Road,Manassas,VA,20110,-,-,-77.48831472,38.76738416,AP,2025/11/13 00:00:00+00,Hospital Points,-,VDH,51683,Manassas City
540,51003000023943,UVA Health Surgical Care Riverside,"2331 Seminole Lane, Suite 201",Charlottesville,VA,22901,-,-,-78.46034013,38.09956434,AP,2025/11/13 00:00:00+00,Hospital Points,Outpatient Surgical Hospital,VDH,51003,Albemarle County
541,51139000012079,Valley Health Page Memorial Hospital,200 Memorial Drive,Luray,VA,22835,-,https://www.valleyhealthlink.com/page-memorial-hospital/,-78.46824346,38.66329635,AP,2025/11/13 00:00:00+00,Hospital Points,Inpatient Hospital,VDH,51139,Page County
542,51171000010802,Shenandoah Memorial Hospital,759 South Main Street,Woodstock,VA,22664,-,https://www.valleyhealthlink.com/shenandoah-memorial-hospital/,-78.5127891,38.87065239,AP,2025/11/13 00:00:00+00,Hospital Points,Inpatient Hospital,VDH,51171,Shenandoah County
543,51069000008604,"Valley Health Surgery Center, LLC",174 Botanical Blvd,Winchester,VA,22603,-,-,-78.20129755,39.19296927,AP,2025/11/13 00:00:00+00,Hospital Points,Outpatient Surgical Hospital,VDH,51069,Frederick County
544,51187000016924,Warren Memorial Hospital,351 Valley Health Way,Front Royal,VA,22630,-,https://www.valleyhealthlink.com/warren-memorial-hospital/,-78.15330301,38.91997612,AP,2025/11/13 00:00:00+00,Hospital Points,Inpatient Hospital,VDH,51187,Warren County
545,51840000007834,Winchester Medical Center,1840 Amherst Street,Winchester,VA,22601,-,https://www.valleyhealthlink.com/winchester-medical-center/,-78.19307304,39.19394521,AP,2025/11/13 00:00:00+00,Hospital Points,Inpatient Hospital,VDH,51840,Winchester City
546,51117000022214,Community Memorial Hospital,1755 North Mecklenburg Avenue,South Hill,VA,23970,-,https://www.vcuhealth.org/community-memorial-hospital,-78.10559499,36.7502846,AP,2025/11/13 00:00:00+00,Hospital Points,Inpatient Hospital,VDH,51117,Mecklenburg County
547,51087000128002,"VCU Health Ambulatory Surgery Center, LLC","11958 West Broad Street, 5th Floor",Henrico,VA,23233,-,-,-77.62602749,37.65748746,AP,2025/11/13 00:00:00+00,Hospital Points,Outpatient Surgical Hospital,VDH,51087,Henrico County
548,51057000002594,VCU Health Tappahannock Hospital,618 Hospital Road,Tappahannock,VA,22560,-,https://www.vcuhealth.org/tappahannock/locations/tappahannock-hospital,-76.87888512,37.90130268,AP,2025/11/13 00:00:00+00,Hospital Points,Inpatient Hospital,VDH,51057,Essex County
549,51760000086333,VCU Health System Authority a.k.a. VCU Medical Center,1250 East Marshall Street,Richmond,VA,23298,-,https://www.vcuhealth.org/locations/location-details?id=19,-77.42937642,37.54000083,AP,2025/11/13 00:00:00+00,Hospital Points,Inpatient Hospital,VDH,51760,Richmond City
550,51680000030900,Centra Virginia Baptist Hospital,3300 Rivermont Avenue,Lynchburg,VA,24503,-,https://www.centrahealth.com/locations/centra-virginia-baptist-hospital,-79.18775099,37.4384426,AP,2025/11/13 00:00:00+00,Hospital Points,Inpatient Hospital,VDH,51680,Lynchburg City
551,51760000041188,Planned Parenthood Virginia Beach Health Center,201 N. Hamilton St.,Richmond,VA,23221,-,-,-77.49040748,37.55956441,AP,2025/11/13 00:00:00+00,Hospital Points,-,VDH,51760,Richmond City
552,51810000156194,Virginia Beach Psychiatric Center,1100 First Colonial Road,Virginia Beach,VA,23454,-,-,-76.02807879,36.86632973,AP,2025/11/13 00:00:00+00,Hospital Points,-,VDH,51810,Virginia Beach City
553,51810000080192,Virginia Center for Eye Surgery,"1200 First Colonial Road,  Suite 104",Virginia Beach,VA,23454,-,http://www.vhi.org/Hospitals/vahospitals.asp,-76.03139736,36.86950772,AP,2025/11/13 00:00:00+00,Hospital Points,Outpatient Surgical Hospital,VDH,51810,Virginia Beach City
554,51087000015563,Virginia Eye Institute Surgery Pavilion,402 Westhampton Station,Richmond,VA,23226,-,https://www.vaeye.com/service/outpatient-surgery-center/,-77.54010854,37.56655732,AP,2025/11/13 00:00:00+00,Hospital Points,Outpatient Surgical Hospital,VDH,51087,Henrico County
555,51013000005540,VHC Health - Main Hospital,1701 N. George Mason Drive,Arlington,VA,22205,-,https://www.vhchealth.org/find-a-location/locations-profile/main-hospital/?searchId=30e4d4ea-5698-ef11-a872-000d3a61151d&sort=11&page=2&pageSize=10,-77.12816856,38.88960239,AP,2025/11/13 00:00:00+00,Hospital Points,Inpatient Hospital,VDH,51013,Arlington County
556,51195000000351,Lonesome Pine Hospital,1990 Holton Avenue E,Big Stone Gap,VA,24219,-,https://www.balladhealth.org/locations/hospitals/lonesome-pine,-82.75439429,36.87716208,AP,2025/11/13 00:00:00+00,Hospital Points,Inpatient Hospital,VDH,51195,Wise County
557,51840000003992,"Winchester Eye Surgery Center, LLC",525 Amherst Street,Winchester,VA,22601,-,https://www.eyesurgerycenterofwinchester.com/services.htm,-78.17510634,39.18664921,AP,2025/11/13 00:00:00+00,Hospital Points,Outpatient Surgical Hospital,VDH,51840,Winchester City
558,51197000015068,Wythe County Community Hospital,600 West Ridge Road,Wytheville,VA,24382,-,https://www.wcch.org/,-81.09721157,36.95454439,AP,2025/11/13 00:00:00+00,Hospital Points,Inpatient Hospital,VDH,51197,Wythe County
559,51760000063715,Veterans Affairs - Richmond Medical Center,1201 Broad Rock Blvd,Richmond,VA,23249-4915,-,-,-77.46878,37.4977634,AP,2025/11/13 00:00:00+00,Hospital Points,-,USDVA,51760,Richmond City
560,51650000040746,Veterans Affairs - Hampton Medical Center,100 Emancipation Drive,Hampton,VA,23667-0001,-,-,-76.33226847,37.01852741,AP,2025/11/13 00:00:00+00,Hospital Points,-,USDVA,51650,Hampton City
561,51775000006095,Veterans Affairs - Salem Medical Center,1970 Roanoke Boulevard,Salem,VA,24153-6404,-,-,-80.01988935,37.27452675,AP,2025/11/13 00:00:00+00,Hospital Points,-,USDVA,51775,Salem City
562,51520000005791,Veterans Affairs - Bristol Clinic,"3130 Lee Highway, Preston Square, Suite 201",Bristol,VA,24202-5943,-,-,-82.15006848,36.62930885,AP,2025/11/13 00:00:00+00,Hospital Points,-,USDVA,51520,Bristol City
563,51069000019901,Veterans Affairs - Winchester Clinic,100 Dawson Drive,Winchester,VA,22602-5307,-,-,-78.20206376,39.13031573,AP,2025/11/13 00:00:00+00,Hospital Points,-,USDVA,51069,Frederick County
564,51680000030900,Centra - Gretna Medical Center,291 McBride Lane,Gretna,VA,24557,-,-,-79.37647987,36.94998449,AP,2025/11/13 00:00:00+00,Hospital Points,-,VDH,51143,Pittsylvania County
565,51680000030900,Centra - Danville Medical Center,414 Park Avenue,Danville,VA,24541,-,-,-79.4320563,36.58414962,AP,2025/11/13 00:00:00+00,Hospital Points,-,VDH,51590,Danville City
566,51127000001428,Carilion - Children's Hospital,1906 Belleview Ave,Roanoke,VA,24014,-,-,-79.94240976,37.25171588,AP,2025/11/13 00:00:00+00,Hospital Points,-,System,51770,Roanoke City
567,51800000052296,Bon Secours Harbour View Medical Center,1020 Bon Secours Dr,Suffolk,VA,23435,-,https://www.bonsecours.com/locations/hospitals-medical-centers/hampton-roads/bon-secours-harbour-view-medical-center,-76.44186242,36.86907205,AP,2025/11/13 00:00:00+00,Hospital Points,Inpatient Hospital,VDH,51800,Suffolk City
568,51087000044267,HCA Virginia - Parham Hospital Mental Health and Wellness Center,7702 East Parham Road,Richmond,VA,23294,-,-,-77.52671856,37.6315554,AP,2025/11/13 00:00:00+00,Hospital Points,-,VDH,51087,Henrico County
569,51059000095950,Inova - L.J. Murphy Children's Hospital,3300/3304 Gallows Road,Falls Church,VA,22042,-,-,-77.22659242,38.85737413,AP,2025/11/13 00:00:00+00,Hospital Points,-,System,51059,Fairfax County
570,51710000070136,Sentara Leigh Hospital,830 Kempsville Road,Norfolk,VA,23502,-,https://www.sentara.com/hospitalslocations/sentara-leigh-hospital,-76.18998667,36.85011591,AP,2025/11/13 00:00:00+00,Hospital Points,Inpatient Hospital,VDH,51710,Norfolk City
571,51107000082478,Adler Center for Caring on the Van Metre Campus,24419 Millstream Drive,Aldie,VA,20105,-,https://www.capitalcaring.org/get-help/our-locations/adler-center/,-77.55249639,38.9378843,AP,2025/11/13 00:00:00+00,Hospital Points,Inpatient Hospital,VDH,51107,Loudoun County
572,51680000030900,Centra Specialty Hospital,3300 Rivermont Avenue,Lynchburg,VA,24503,-,-,-79.18775099,37.4384426,AP,2025/11/13 00:00:00+00,Hospital Points,Inpatient Hospital,VDH,51680,Lynchburg City
573,51510000033059,"Lynn House of Potomac Valley, Inc.",4400 West Braddock Road,Alexandria,VA,22304,-,-,-77.10475298,38.82890457,AP,2025/11/13 00:00:00+00,Hospital Points,Inpatient Hospital,VDH,51510,Alexandria City
574,51093000020325,Riverside Smithfield Hospital,19339 Benns Grant Boulevard,Smithfield,VA,23430,-,-,-76.58929542,36.93613834,AP,2025/11/13 00:00:00+00,Hospital Points,Inpatient Hospital,VDH,51093,Isle of Wight County
575,51141000009892,Stuart Community Hospital,18688 Jeb Stuart Hwy,Stuart,VA,24171,-,https://stuart.health/,-80.25467943,36.64613478,AP,2025/11/13 00:00:00+00,Hospital Points,Inpatient Hospital,VDH,51141,Patrick County
576,51840000001891,Valley Health - Mary Free Bed Rehabilitation Hospital,525 Amherst Street,Winchester,VA,22601,-,-,-78.17222084,39.18308106,AP,2025/11/13 00:00:00+00,Hospital Points,Inpatient Hospital,VDH,51840,Winchester City
577,51059000235077,Accenture Smoke Test OSH DBA,"8765 Richmond Hwy
",Alexandria,VA,22309,-,-,-77.12699101,38.71914661,AP,2025/11/13 00:00:00+00,Hospital Points,Outpatient Surgical Hospital,VDH,51059,Fairfax County
578,51700000082993,Coastal Virginia Surgery Center,580 City Ctr Blvd,Newport News,VA,23606,-,-,-76.48660983,37.08652428,AP,2025/11/13 00:00:00+00,Hospital Points,Outpatient Surgical Hospital,VDH,51700,Newport News City
579,51085000050293,"Colon and Rectal Endoscopy and Surgery Center, LLC",7504 Right Flank Road,Mechanicsville,VA,23116,-,-,-77.35303294,37.63614241,AP,2025/11/13 00:00:00+00,Hospital Points,Outpatient Surgical Hospital,VDH,51085,Hanover County
580,51810000164270,Virginia League for Planned Parenthood: Virginia Beach Health Center,515 Newtown Road,Virginia Beach,VA,23462,-,-,-76.17748343,36.85719148,AP,2025/11/13 00:00:00+00,Hospital Points,Outpatient Surgical Hospital,VDH,51810,Virginia Beach City
581,51087000010998,"Virginia ENT Surgery Center, Inc.","6600 West Broad Street, Suite 210",Richmond,VA,23230,-,-,-77.51319866,37.60125838,AP,2025/11/13 00:00:00+00,Hospital Points,Outpatient Surgical Hospital,VDH,51087,Henrico County
582,51085000050293,Virginia Cardiac Surgery Center,"8160 Pleasant Grove Road, Suite 100",Mechanicsville,VA,23116,-,-,-77.37962164,37.63024211,AP,2025/11/13 00:00:00+00,Hospital Points,Outpatient Surgical Hospital,VDH,51085,Hanover County
583,51059000215502,edin Surgery Center,8180 Greensboro Dr,McLean,VA,22102,-,-,-77.22763925,38.92365249,AP,2025/11/13 00:00:00+00,Hospital Points,Outpatient Surgical Hospital,VDH,51059,Fairfax County
584,51059000065238,Hartland Surgical Center,2710 Prosperity Avenue,Fairfax,VA,22031,-,-,-77.22214749,38.87816795,AP,2025/11/13 00:00:00+00,Hospital Points,Outpatient Surgical Hospital,VDH,51059,Fairfax County
585,51510000035993,"Inova Oakville Ambulatory Surgery Center, LLC",400 Fannon St level 2,Alexandria,VA,22301,-,-,-77.05137342,38.82787208,AP,2025/11/13 00:00:00+00,Hospital Points,Outpatient Surgical Hospital,VDH,51510,Alexandria City
586,51059000102082,McLean Tysons Orthopedic Surgery Center,"1760 Old Meadow Road, Suite 100",McLean,VA,22102,-,-,-77.21262166,38.92028917,AP,2025/11/13 00:00:00+00,Hospital Points,Outpatient Surgical Hospital,VDH,51059,Fairfax County
587,51153000168626,"Nothern Virginia Heart & Vascular Center, LLC",13580 Groupe Dr,Woodbridge,VA,22192,-,-,-77.29606467,38.65896763,AP,2025/11/13 00:00:00+00,Hospital Points,Outpatient Surgical Hospital,VDH,51153,Prince William County
588,51683000016912,Prince William Ambulatory Surgical Center,"8644 Sudley Road, Suite 201",Manassas,VA,20110,-,-,-77.48946794,38.76786788,AP,2025/11/13 00:00:00+00,Hospital Points,Outpatient Surgical Hospital,VDH,51683,Manassas City
589,51083000020482,Southern Gastroenterology Endoscopy Center,149 Aubreys Loop,South Boston,VA,24592,-,-,-78.89422969,36.7172833,AP,2025/11/13 00:00:00+00,Hospital Points,Outpatient Surgical Hospital,VDH,51083,Halifax County
590,51570000003840,"Southpark Heart & Rhythm Center, LLC",445 Charles H Dimmock Pkwy,Colonial Heights,VA,23834,-,-,-77.38268931,37.25154041,AP,2025/11/13 00:00:00+00,Hospital Points,Outpatient Surgical Hospital,VDH,51570,Colonial Heights City
591,51087000093288,Vascular Surgery Associates - Vascular Center,6031 Staples Mill Road,Richmond,VA,23228,-,-,-77.49473733,37.60852435,AP,2025/11/13 00:00:00+00,Hospital Points,Outpatient Surgical Hospital,VDH,51087,Henrico County
592,51087000028682,"VCS Heart and Vascular Center, LLC",8007 Discovery Dr Ste B,Richmond,VA,23229,-,-,-77.54659745,37.60377044,AP,2025/11/13 00:00:00+00,Hospital Points,Outpatient Surgical Hospital,VDH,51087,Henrico County
593,51760000050961,VCU Medical Center - Pediatric Outpatient Surgery at Brook Road Pavilion,"2924 Brook Road, Suite 3",Richmond,VA,23220,-,-,-77.45044729,37.57089364,AP,2025/11/13 00:00:00+00,Hospital Points,Outpatient Surgical Hospital,VDH,51760,Richmond City
7584,51161000044041,Catawba Hospital,5525 / 5481 Catawba Hospital Dr,Catawba,VA,24070,-,https://dbhds.virginia.gov/,-80.10992572,37.3914283,AP,2025/10/20 00:00:00+00,Hospital Points,DGS COVA Owned,DGS-DBHDS,51161,Roanoke County
7585,51790000003355,Commonwealth Center for Children & Adolescents,1301 Richmond Ave,Staunton,VA,24401,-,https://dbhds.virginia.gov/,-79.03498002,38.13202844,AP,2025/10/20 00:00:00+00,Hospital Points,DGS COVA Owned,DGS-DBHDS,51790,Staunton City
7586,51053000013596,Central State Hospital,26317 W Washington St,Petersburg,VA,23803-0030,-,https://dbhds.virginia.gov/,-77.45101382,37.2098891,AP,2025/10/20 00:00:00+00,Hospital Points,DGS COVA Owned,DGS-DBHDS,51053,Dinwiddie County
7587,51095000038220,Eastern State Hospital,1 Ashbury Ln / 4601 Ironbound Rd,Williamsburg,VA,23188-2648,-,https://dbhds.virginia.gov/,-76.73585673,37.29191018,AP,2025/10/20 00:00:00+00,Hospital Points,DGS COVA Owned,DGS-DBHDS,51095,James City County
7588,51059000356862,Northern Virginia Mental Health Institute,3302 Gallows Rd,Falls Church,VA,22042-3353,-,https://dbhds.virginia.gov/,-77.23214441,38.857706,AP,2025/10/20 00:00:00+00,Hospital Points,DGS COVA Owned,DGS-DBHDS,51059,Fairfax County
7589,51135000003607,Piedmont Geriatric Hospital,5001 E Patrick Henry Hwy,Burkeville,VA,23922-0427,-,https://dbhds.virginia.gov/,-78.17507701,37.19257143,AP,2025/10/20 00:00:00+00,Hospital Points,DGS COVA Owned,DGS-DBHDS,51135,Nottoway County
7590,51590000014660,Southern Virginia Mental Health Institute,382 Taylor Dr,Danville,VA,24541-4023,-,https://dbhds.virginia.gov/,-79.41028284,36.5556329,AP,2025/10/20 00:00:00+00,Hospital Points,DGS COVA Owned,DGS-DBHDS,51590,Danville City
7591,51550000091286,Southeastern Virginia Training Center,2100 Steppingstone Sq,Chesapeake,VA,23320-2517,-,https://dbhds.virginia.gov/,-76.22372303,36.79414183,AP,2025/10/20 00:00:00+00,Hospital Points,DGS COVA Owned,DGS-DBHDS,51550,Chesapeake City
7592,51173000013743,Southwestern Virginia Mental Health Institute,340 Bagley Cir,Marion,VA,24541-4023,-,https://dbhds.virginia.gov/,-81.5113807,36.83309401,AP,2025/10/20 00:00:00+00,Hospital Points,DGS COVA Owned,DGS-DBHDS,51173,Smyth County
7593,51135000003608,Virginia Center for Behavioral Rehabilitation,4901 Patrick Henry Hwy,Burkeville,VA,23922-3454,-,https://dbhds.virginia.gov/,-78.17753347,37.19433353,AP,2025/10/20 00:00:00+00,Hospital Points,DGS COVA Owned,DGS-DBHDS,51135,Nottoway County
7594,51790000000899,Western State Hospital,103 Valley Center Dr,Staunton,VA,24401-5080,-,https://dbhds.virginia.gov/,-79.02716331,38.14217796,AP,2025/10/20 00:00:00+00,Hospital Points,DGS COVA Owned,DGS-DBHDS,51790,Staunton City
7595,51053000013597,Hiram W. Davis Medical Center,110 Seventh Ave / 26317 W Washington St,Petersburg,VA,23803-0030,-,https://dbhds.virginia.gov/,-77.45412976,37.20503976,AP,2025/10/20 00:00:00+00,Hospital Points,DGS COVA Owned,DGS-DBHDS,51053,Dinwiddie County
